{
  "actual_sum_Fz_kN": 107.9999999999995,
  "expected_sum_Fz_kN": 108.0,
  "group_averages": null,
  "input_spec": {
    "bay_x": 6.0,
    "bay_y": 6.0,
    "load_case": "LL",
    "model": "1x1",
    "slab_elements_per_bay": 1
  },
  "load_case": "LL",
  "reactions": [
    {
      "Fz_kN": 27.000000000000163,
      "node_tag": 1,
      "x": 0.0,
      "y": 0.0
    },
    {
      "Fz_kN": 26.999999999999723,
      "node_tag": 2,
      "x": 0.0,
      "y": 6.0
    },
    {
      "Fz_kN": 26.99999999999985,
      "node_tag": 3,
      "x": 6.0,
      "y": 0.0
    },
    {
      "Fz_kN": 26.99999999999976,
      "node_tag": 4,
      "x": 6.0,
      "y": 6.0
    }
  ],
  "relative_error_percent": 4.605369583630279e-13
}