{
  "actual_sum_Fz_kN": 108.00000000000149,
  "expected_sum_Fz_kN": 108.0,
  "group_averages": null,
  "input_spec": {
    "bay_x": 6.0,
    "bay_y": 6.0,
    "load_case": "LL",
    "model": "1x1",
    "slab_elements_per_bay": 1
  },
  "load_case": "LL",
  "reactions": [
    {
      "Fz_kN": 26.999999999999364,
      "node_tag": 1,
      "x": 0.0,
      "y": 0.0
    },
    {
      "Fz_kN": 27.000000000001414,
      "node_tag": 2,
      "x": 0.0,
      "y": 6.0
    },
    {
      "Fz_kN": 27.00000000000008,
      "node_tag": 3,
      "x": 6.0,
      "y": 0.0
    },
    {
      "Fz_kN": 27.000000000000643,
      "node_tag": 4,
      "x": 6.0,
      "y": 6.0
    }
  ],
  "relative_error_percent": 1.3816108750890836e-12
}