{
  "actual_sum_Fz_kN": 336.1400000000009,
  "expected_sum_Fz_kN": 336.14,
  "group_averages": null,
  "input_spec": {
    "bay_x": 6.0,
    "bay_y": 6.0,
    "load_case": "DL",
    "model": "1x1",
    "slab_elements_per_bay": 1
  },
  "load_case": "DL",
  "reactions": [
    {
      "Fz_kN": 84.03499999999902,
      "node_tag": 1,
      "x": 0.0,
      "y": 0.0
    },
    {
      "Fz_kN": 84.03500000000146,
      "node_tag": 2,
      "x": 0.0,
      "y": 6.0
    },
    {
      "Fz_kN": 84.03499999999924,
      "node_tag": 3,
      "x": 6.0,
      "y": 0.0
    },
    {
      "Fz_kN": 84.03500000000118,
      "node_tag": 4,
      "x": 6.0,
      "y": 6.0
    }
  ],
  "relative_error_percent": 2.705702093689916e-13
}